Year,World_Population
-2250,23750000
-2249,23763000
-2248,23776000
-2247,23789000
-2246,23802000
-2245,23815000
-2244,23828000
-2243,23841000
-2242,23854000
-2241,23867000
-2240,23880000
-2239,23893000
-2238,23906000
-2237,23919000
-2236,23932000
-2235,23945000
-2234,23958000
-2233,23971000
-2232,23984000
-2231,23997000
-2230,24010000
-2229,24023000
-2228,24036000
-2227,24049000
-2226,24062000
-2225,24075000
-2224,24088000
-2223,24101000
-2222,24114000
-2221,24127000
-2220,24140000
-2219,24153000
-2218,24166000
-2217,24179000
-2216,24192000
-2215,24205000
-2214,24218000
-2213,24231000
-2212,24244000
-2211,24257000
-2210,24270000
-2209,24283000
-2208,24296000
-2207,24309000
-2206,24322000
-2205,24335000
-2204,24348000
-2203,24361000
-2202,24374000
-2201,24387000
-2200,24400000
-2199,24413000
-2198,24426000
-2197,24439000
-2196,24452000
-2195,24465000
-2194,24478000
-2193,24491000
-2192,24504000
-2191,24517000
-2190,24530000
-2189,24543000
-2188,24556000
-2187,24569000
-2186,24582000
-2185,24595000
-2184,24608000
-2183,24621000
-2182,24634000
-2181,24647000
-2180,24660000
-2179,24673000
-2178,24686000
-2177,24699000
-2176,24712000
-2175,24725000
-2174,24738000
-2173,24751000
-2172,24764000
-2171,24777000
-2170,24790000
-2169,24803000
-2168,24816000
-2167,24829000
-2166,24842000
-2165,24855000
-2164,24868000
-2163,24881000
-2162,24894000
-2161,24907000
-2160,24920000
-2159,24933000
-2158,24946000
-2157,24959000
-2156,24972000
-2155,24985000
-2154,24998000
-2153,25011000
-2152,25024000
-2151,25037000
-2150,25050000
-2149,25063000
-2148,25076000
-2147,25089000
-2146,25102000
-2145,25115000
-2144,25128000
-2143,25141000
-2142,25154000
-2141,25167000
-2140,25180000
-2139,25193000
-2138,25206000
-2137,25219000
-2136,25232000
-2135,25245000
-2134,25258000
-2133,25271000
-2132,25284000
-2131,25297000
-2130,25310000
-2129,25323000
-2128,25336000
-2127,25349000
-2126,25362000
-2125,25375000
-2124,25388000
-2123,25401000
-2122,25414000
-2121,25427000
-2120,25440000
-2119,25453000
-2118,25466000
-2117,25479000
-2116,25492000
-2115,25505000
-2114,25518000
-2113,25531000
-2112,25544000
-2111,25557000
-2110,25570000
-2109,25583000
-2108,25596000
-2107,25609000
-2106,25622000
-2105,25635000
-2104,25648000
-2103,25661000
-2102,25674000
-2101,25687000
-2100,25700000
-2099,25713000
-2098,25726000
-2097,25739000
-2096,25752000
-2095,25765000
-2094,25778000
-2093,25791000
-2092,25804000
-2091,25817000
-2090,25830000
-2089,25843000
-2088,25856000
-2087,25869000
-2086,25882000
-2085,25895000
-2084,25908000
-2083,25921000
-2082,25934000
-2081,25947000
-2080,25960000
-2079,25973000
-2078,25986000
-2077,25999000
-2076,26012000
-2075,26025000
-2074,26038000
-2073,26051000
-2072,26064000
-2071,26077000
-2070,26090000
-2069,26103000
-2068,26116000
-2067,26129000
-2066,26142000
-2065,26155000
-2064,26168000
-2063,26181000
-2062,26194000
-2061,26207000
-2060,26220000
-2059,26233000
-2058,26246000
-2057,26259000
-2056,26272000
-2055,26285000
-2054,26298000
-2053,26311000
-2052,26324000
-2051,26337000
-2050,26350000
-2049,26363000
-2048,26376000
-2047,26389000
-2046,26402000
-2045,26415000
-2044,26428000
-2043,26441000
-2042,26454000
-2041,26467000
-2040,26480000
-2039,26493000
-2038,26506000
-2037,26519000
-2036,26532000
-2035,26545000
-2034,26558000
-2033,26571000
-2032,26584000
-2031,26597000
-2030,26610000
-2029,26623000
-2028,26636000
-2027,26649000
-2026,26662000
-2025,26675000
-2024,26688000
-2023,26701000
-2022,26714000
-2021,26727000
-2020,26740000
-2019,26753000
-2018,26766000
-2017,26779000
-2016,26792000
-2015,26805000
-2014,26818000
-2013,26831000
-2012,26844000
-2011,26857000
-2010,26870000
-2009,26883000
-2008,26896000
-2007,26909000
-2006,26922000
-2005,26935000
-2004,26948000
-2003,26961000
-2002,26974000
-2001,26987000
-2000,27000000
-1999,27023000
-1998,27046000
-1997,27069000
-1996,27092000
-1995,27115000
-1994,27138000
-1993,27161000
-1992,27184000
-1991,27207000
-1990,27230000
-1989,27253000
-1988,27276000
-1987,27299000
-1986,27322000
-1985,27345000
-1984,27368000
-1983,27391000
-1982,27414000
-1981,27437000
-1980,27460000
-1979,27483000
-1978,27506000
-1977,27529000
-1976,27552000
-1975,27575000
-1974,27598000
-1973,27621000
-1972,27644000
-1971,27667000
-1970,27690000
-1969,27713000
-1968,27736000
-1967,27759000
-1966,27782000
-1965,27805000
-1964,27828000
-1963,27851000
-1962,27874000
-1961,27897000
-1960,27920000
-1959,27943000
-1958,27966000
-1957,27989000
-1956,28012000
-1955,28035000
-1954,28058000
-1953,28081000
-1952,28104000
-1951,28127000
-1950,28150000
-1949,28173000
-1948,28196000
-1947,28219000
-1946,28242000
-1945,28265000
-1944,28288000
-1943,28311000
-1942,28334000
-1941,28357000
-1940,28380000
-1939,28403000
-1938,28426000
-1937,28449000
-1936,28472000
-1935,28495000
-1934,28518000
-1933,28541000
-1932,28564000
-1931,28587000
-1930,28610000
-1929,28633000
-1928,28656000
-1927,28679000
-1926,28702000
-1925,28725000
-1924,28748000
-1923,28771000
-1922,28794000
-1921,28817000
-1920,28840000
-1919,28863000
-1918,28886000
-1917,28909000
-1916,28932000
-1915,28955000
-1914,28978000
-1913,29001000
-1912,29024000
-1911,29047000
-1910,29070000
-1909,29093000
-1908,29116000
-1907,29139000
-1906,29162000
-1905,29185000
-1904,29208000
-1903,29231000
-1902,29254000
-1901,29277000
-1900,29300000
-1899,29323000
-1898,29346000
-1897,29369000
-1896,29392000
-1895,29415000
-1894,29438000
-1893,29461000
-1892,29484000
-1891,29507000
-1890,29530000
-1889,29553000
-1888,29576000
-1887,29599000
-1886,29622000
-1885,29645000
-1884,29668000
-1883,29691000
-1882,29714000
-1881,29737000
-1880,29760000
-1879,29783000
-1878,29806000
-1877,29829000
-1876,29852000
-1875,29875000
-1874,29898000
-1873,29921000
-1872,29944000
-1871,29967000
-1870,29990000
-1869,30013000
-1868,30036000
-1867,30059000
-1866,30082000
-1865,30105000
-1864,30128000
-1863,30151000
-1862,30174000
-1861,30197000
-1860,30220000
-1859,30243000
-1858,30266000
-1857,30289000
-1856,30312000
-1855,30335000
-1854,30358000
-1853,30381000
-1852,30404000
-1851,30427000
-1850,30450000
-1849,30473000
-1848,30496000
-1847,30519000
-1846,30542000
-1845,30565000
-1844,30588000
-1843,30611000
-1842,30634000
-1841,30657000
-1840,30680000
-1839,30703000
-1838,30726000
-1837,30749000
-1836,30772000
-1835,30795000
-1834,30818000
-1833,30841000
-1832,30864000
-1831,30887000
-1830,30910000
-1829,30933000
-1828,30956000
-1827,30979000
-1826,31002000
-1825,31025000
-1824,31048000
-1823,31071000
-1822,31094000
-1821,31117000
-1820,31140000
-1819,31163000
-1818,31186000
-1817,31209000
-1816,31232000
-1815,31255000
-1814,31278000
-1813,31301000
-1812,31324000
-1811,31347000
-1810,31370000
-1809,31393000
-1808,31416000
-1807,31439000
-1806,31462000
-1805,31485000
-1804,31508000
-1803,31531000
-1802,31554000
-1801,31577000
-1800,31600000
-1799,31623000
-1798,31646000
-1797,31669000
-1796,31692000
-1795,31715000
-1794,31738000
-1793,31761000
-1792,31784000
-1791,31807000
-1790,31830000
-1789,31853000
-1788,31876000
-1787,31899000
-1786,31922000
-1785,31945000
-1784,31968000
-1783,31991000
-1782,32014000
-1781,32037000
-1780,32060000
-1779,32083000
-1778,32106000
-1777,32129000
-1776,32152000
-1775,32175000
-1774,32198000
-1773,32221000
-1772,32244000
-1771,32267000
-1770,32290000
-1769,32313000
-1768,32336000
-1767,32359000
-1766,32382000
-1765,32405000
-1764,32428000
-1763,32451000
-1762,32474000
-1761,32497000
-1760,32520000
-1759,32543000
-1758,32566000
-1757,32589000
-1756,32612000
-1755,32635000
-1754,32658000
-1753,32681000
-1752,32704000
-1751,32727000
-1750,32750000
-1749,32773000
-1748,32796000
-1747,32819000
-1746,32842000
-1745,32865000
-1744,32888000
-1743,32911000
-1742,32934000
-1741,32957000
-1740,32980000
-1739,33003000
-1738,33026000
-1737,33049000
-1736,33072000
-1735,33095000
-1734,33118000
-1733,33141000
-1732,33164000
-1731,33187000
-1730,33210000
-1729,33233000
-1728,33256000
-1727,33279000
-1726,33302000
-1725,33325000
-1724,33348000
-1723,33371000
-1722,33394000
-1721,33417000
-1720,33440000
-1719,33463000
-1718,33486000
-1717,33509000
-1716,33532000
-1715,33555000
-1714,33578000
-1713,33601000
-1712,33624000
-1711,33647000
-1710,33670000
-1709,33693000
-1708,33716000
-1707,33739000
-1706,33762000
-1705,33785000
-1704,33808000
-1703,33831000
-1702,33854000
-1701,33877000
-1700,33900000
-1699,33923000
-1698,33946000
-1697,33969000
-1696,33992000
-1695,34015000
-1694,34038000
-1693,34061000
-1692,34084000
-1691,34107000
-1690,34130000
-1689,34153000
-1688,34176000
-1687,34199000
-1686,34222000
-1685,34245000
-1684,34268000
-1683,34291000
-1682,34314000
-1681,34337000
-1680,34360000
-1679,34383000
-1678,34406000
-1677,34429000
-1676,34452000
-1675,34475000
-1674,34498000
-1673,34521000
-1672,34544000
-1671,34567000
-1670,34590000
-1669,34613000
-1668,34636000
-1667,34659000
-1666,34682000
-1665,34705000
-1664,34728000
-1663,34751000
-1662,34774000
-1661,34797000
-1660,34820000
-1659,34843000
-1658,34866000
-1657,34889000
-1656,34912000
-1655,34935000
-1654,34958000
-1653,34981000
-1652,35004000
-1651,35027000
-1650,35050000
-1649,35073000
-1648,35096000
-1647,35119000
-1646,35142000
-1645,35165000
-1644,35188000
-1643,35211000
-1642,35234000
-1641,35257000
-1640,35280000
-1639,35303000
-1638,35326000
-1637,35349000
-1636,35372000
-1635,35395000
-1634,35418000
-1633,35441000
-1632,35464000
-1631,35487000
-1630,35510000
-1629,35533000
-1628,35556000
-1627,35579000
-1626,35602000
-1625,35625000
-1624,35648000
-1623,35671000
-1622,35694000
-1621,35717000
-1620,35740000
-1619,35763000
-1618,35786000
-1617,35809000
-1616,35832000
-1615,35855000
-1614,35878000
-1613,35901000
-1612,35924000
-1611,35947000
-1610,35970000
-1609,35993000
-1608,36016000
-1607,36039000
-1606,36062000
-1605,36085000
-1604,36108000
-1603,36131000
-1602,36154000
-1601,36177000
-1600,36200000
-1599,36223000
-1598,36246000
-1597,36269000
-1596,36292000
-1595,36315000
-1594,36338000
-1593,36361000
-1592,36384000
-1591,36407000
-1590,36430000
-1589,36453000
-1588,36476000
-1587,36499000
-1586,36522000
-1585,36545000
-1584,36568000
-1583,36591000
-1582,36614000
-1581,36637000
-1580,36660000
-1579,36683000
-1578,36706000
-1577,36729000
-1576,36752000
-1575,36775000
-1574,36798000
-1573,36821000
-1572,36844000
-1571,36867000
-1570,36890000
-1569,36913000
-1568,36936000
-1567,36959000
-1566,36982000
-1565,37005000
-1564,37028000
-1563,37051000
-1562,37074000
-1561,37097000
-1560,37120000
-1559,37143000
-1558,37166000
-1557,37189000
-1556,37212000
-1555,37235000
-1554,37258000
-1553,37281000
-1552,37304000
-1551,37327000
-1550,37350000
-1549,37373000
-1548,37396000
-1547,37419000
-1546,37442000
-1545,37465000
-1544,37488000
-1543,37511000
-1542,37534000
-1541,37557000
-1540,37580000
-1539,37603000
-1538,37626000
-1537,37649000
-1536,37672000
-1535,37695000
-1534,37718000
-1533,37741000
-1532,37764000
-1531,37787000
-1530,37810000
-1529,37833000
-1528,37856000
-1527,37879000
-1526,37902000
-1525,37925000
-1524,37948000
-1523,37971000
-1522,37994000
-1521,38017000
-1520,38040000
-1519,38063000
-1518,38086000
-1517,38109000
-1516,38132000
-1515,38155000
-1514,38178000
-1513,38201000
-1512,38224000
-1511,38247000
-1510,38270000
-1509,38293000
-1508,38316000
-1507,38339000
-1506,38362000
-1505,38385000
-1504,38408000
-1503,38431000
-1502,38454000
-1501,38477000
-1500,38500000
-1499,38523000
-1498,38546000
-1497,38569000
-1496,38592000
-1495,38615000
-1494,38638000
-1493,38661000
-1492,38684000
-1491,38707000
-1490,38730000
-1489,38753000
-1488,38776000
-1487,38799000
-1486,38822000
-1485,38845000
-1484,38868000
-1483,38891000
-1482,38914000
-1481,38937000
-1480,38960000
-1479,38983000
-1478,39006000
-1477,39029000
-1476,39052000
-1475,39075000
-1474,39098000
-1473,39121000
-1472,39144000
-1471,39167000
-1470,39190000
-1469,39213000
-1468,39236000
-1467,39259000
-1466,39282000
-1465,39305000
-1464,39328000
-1463,39351000
-1462,39374000
-1461,39397000
-1460,39420000
-1459,39443000
-1458,39466000
-1457,39489000
-1456,39512000
-1455,39535000
-1454,39558000
-1453,39581000
-1452,39604000
-1451,39627000
-1450,39650000
-1449,39673000
-1448,39696000
-1447,39719000
-1446,39742000
-1445,39765000
-1444,39788000
-1443,39811000
-1442,39834000
-1441,39857000
-1440,39880000
-1439,39903000
-1438,39926000
-1437,39949000
-1436,39972000
-1435,39995000
-1434,40018000
-1433,40041000
-1432,40064000
-1431,40087000
-1430,40110000
-1429,40133000
-1428,40156000
-1427,40179000
-1426,40202000
-1425,40225000
-1424,40248000
-1423,40271000
-1422,40294000
-1421,40317000
-1420,40340000
-1419,40363000
-1418,40386000
-1417,40409000
-1416,40432000
-1415,40455000
-1414,40478000
-1413,40501000
-1412,40524000
-1411,40547000
-1410,40570000
-1409,40593000
-1408,40616000
-1407,40639000
-1406,40662000
-1405,40685000
-1404,40708000
-1403,40731000
-1402,40754000
-1401,40777000
-1400,40800000
-1399,40823000
-1398,40846000
-1397,40869000
-1396,40892000
-1395,40915000
-1394,40938000
-1393,40961000
-1392,40984000
-1391,41007000
-1390,41030000
-1389,41053000
-1388,41076000
-1387,41099000
-1386,41122000
-1385,41145000
-1384,41168000
-1383,41191000
-1382,41214000
-1381,41237000
-1380,41260000
-1379,41283000
-1378,41306000
-1377,41329000
-1376,41352000
-1375,41375000
-1374,41398000
-1373,41421000
-1372,41444000
-1371,41467000
-1370,41490000
-1369,41513000
-1368,41536000
-1367,41559000
-1366,41582000
-1365,41605000
-1364,41628000
-1363,41651000
-1362,41674000
-1361,41697000
-1360,41720000
-1359,41743000
-1358,41766000
-1357,41789000
-1356,41812000
-1355,41835000
-1354,41858000
-1353,41881000
-1352,41904000
-1351,41927000
-1350,41950000
-1349,41973000
-1348,41996000
-1347,42019000
-1346,42042000
-1345,42065000
-1344,42088000
-1343,42111000
-1342,42134000
-1341,42157000
-1340,42180000
-1339,42203000
-1338,42226000
-1337,42249000
-1336,42272000
-1335,42295000
-1334,42318000
-1333,42341000
-1332,42364000
-1331,42387000
-1330,42410000
-1329,42433000
-1328,42456000
-1327,42479000
-1326,42502000
-1325,42525000
-1324,42548000
-1323,42571000
-1322,42594000
-1321,42617000
-1320,42640000
-1319,42663000
-1318,42686000
-1317,42709000
-1316,42732000
-1315,42755000
-1314,42778000
-1313,42801000
-1312,42824000
-1311,42847000
-1310,42870000
-1309,42893000
-1308,42916000
-1307,42939000
-1306,42962000
-1305,42985000
-1304,43008000
-1303,43031000
-1302,43054000
-1301,43077000
-1300,43100000
-1299,43123000
-1298,43146000
-1297,43169000
-1296,43192000
-1295,43215000
-1294,43238000
-1293,43261000
-1292,43284000
-1291,43307000
-1290,43330000
-1289,43353000
-1288,43376000
-1287,43399000
-1286,43422000
-1285,43445000
-1284,43468000
-1283,43491000
-1282,43514000
-1281,43537000
-1280,43560000
-1279,43583000
-1278,43606000
-1277,43629000
-1276,43652000
-1275,43675000
-1274,43698000
-1273,43721000
-1272,43744000
-1271,43767000
-1270,43790000
-1269,43813000
-1268,43836000
-1267,43859000
-1266,43882000
-1265,43905000
-1264,43928000
-1263,43951000
-1262,43974000
-1261,43997000
-1260,44020000
-1259,44043000
-1258,44066000
-1257,44089000
-1256,44112000
-1255,44135000
-1254,44158000
-1253,44181000
-1252,44204000
-1251,44227000
-1250,44250000
-1249,44273000
-1248,44296000
-1247,44319000
-1246,44342000
-1245,44365000
-1244,44388000
-1243,44411000
-1242,44434000
-1241,44457000
-1240,44480000
-1239,44503000
-1238,44526000
-1237,44549000
-1236,44572000
-1235,44595000
-1234,44618000
-1233,44641000
-1232,44664000
-1231,44687000
-1230,44710000
-1229,44733000
-1228,44756000
-1227,44779000
-1226,44802000
-1225,44825000
-1224,44848000
-1223,44871000
-1222,44894000
-1221,44917000
-1220,44940000
-1219,44963000
-1218,44986000
-1217,45009000
-1216,45032000
-1215,45055000
-1214,45078000
-1213,45101000
-1212,45124000
-1211,45147000
-1210,45170000
-1209,45193000
-1208,45216000
-1207,45239000
-1206,45262000
-1205,45285000
-1204,45308000
-1203,45331000
-1202,45354000
-1201,45377000
-1200,45400000
-1199,45423000
-1198,45446000
-1197,45469000
-1196,45492000
-1195,45515000
-1194,45538000
-1193,45561000
-1192,45584000
-1191,45607000
-1190,45630000
-1189,45653000
-1188,45676000
-1187,45699000
-1186,45722000
-1185,45745000
-1184,45768000
-1183,45791000
-1182,45814000
-1181,45837000
-1180,45860000
-1179,45883000
-1178,45906000
-1177,45929000
-1176,45952000
-1175,45975000
-1174,45998000
-1173,46021000
-1172,46044000
-1171,46067000
-1170,46090000
-1169,46113000
-1168,46136000
-1167,46159000
-1166,46182000
-1165,46205000
-1164,46228000
-1163,46251000
-1162,46274000
-1161,46297000
-1160,46320000
-1159,46343000
-1158,46366000
-1157,46389000
-1156,46412000
-1155,46435000
-1154,46458000
-1153,46481000
-1152,46504000
-1151,46527000
-1150,46550000
-1149,46573000
-1148,46596000
-1147,46619000
-1146,46642000
-1145,46665000
-1144,46688000
-1143,46711000
-1142,46734000
-1141,46757000
-1140,46780000
-1139,46803000
-1138,46826000
-1137,46849000
-1136,46872000
-1135,46895000
-1134,46918000
-1133,46941000
-1132,46964000
-1131,46987000
-1130,47010000
-1129,47033000
-1128,47056000
-1127,47079000
-1126,47102000
-1125,47125000
-1124,47148000
-1123,47171000
-1122,47194000
-1121,47217000
-1120,47240000
-1119,47263000
-1118,47286000
-1117,47309000
-1116,47332000
-1115,47355000
-1114,47378000
-1113,47401000
-1112,47424000
-1111,47447000
-1110,47470000
-1109,47493000
-1108,47516000
-1107,47539000
-1106,47562000
-1105,47585000
-1104,47608000
-1103,47631000
-1102,47654000
-1101,47677000
-1100,47700000
-1099,47723000
-1098,47746000
-1097,47769000
-1096,47792000
-1095,47815000
-1094,47838000
-1093,47861000
-1092,47884000
-1091,47907000
-1090,47930000
-1089,47953000
-1088,47976000
-1087,47999000
-1086,48022000
-1085,48045000
-1084,48068000
-1083,48091000
-1082,48114000
-1081,48137000
-1080,48160000
-1079,48183000
-1078,48206000
-1077,48229000
-1076,48252000
-1075,48275000
-1074,48298000
-1073,48321000
-1072,48344000
-1071,48367000
-1070,48390000
-1069,48413000
-1068,48436000
-1067,48459000
-1066,48482000
-1065,48505000
-1064,48528000
-1063,48551000
-1062,48574000
-1061,48597000
-1060,48620000
-1059,48643000
-1058,48666000
-1057,48689000
-1056,48712000
-1055,48735000
-1054,48758000
-1053,48781000
-1052,48804000
-1051,48827000
-1050,48850000
-1049,48873000
-1048,48896000
-1047,48919000
-1046,48942000
-1045,48965000
-1044,48988000
-1043,49011000
-1042,49034000
-1041,49057000
-1040,49080000
-1039,49103000
-1038,49126000
-1037,49149000
-1036,49172000
-1035,49195000
-1034,49218000
-1033,49241000
-1032,49264000
-1031,49287000
-1030,49310000
-1029,49333000
-1028,49356000
-1027,49379000
-1026,49402000
-1025,49425000
-1024,49448000
-1023,49471000
-1022,49494000
-1021,49517000
-1020,49540000
-1019,49563000
-1018,49586000
-1017,49609000
-1016,49632000
-1015,49655000
-1014,49678000
-1013,49701000
-1012,49724000
-1011,49747000
-1010,49770000
-1009,49793000
-1008,49816000
-1007,49839000
-1006,49862000
-1005,49885000
-1004,49908000
-1003,49931000
-1002,49954000
-1001,49977000
-1000,50000000
-999,50100000
-998,50200000
-997,50300000
-996,50400000
-995,50500000
-994,50600000
-993,50700000
-992,50800000
-991,50900000
-990,51000000
-989,51100000
-988,51200000
-987,51300000
-986,51400000
-985,51500000
-984,51600000
-983,51700000
-982,51800000
-981,51900000
-980,52000000
-979,52100000
-978,52200000
-977,52300000
-976,52400000
-975,52500000
-974,52600000
-973,52700000
-972,52800000
-971,52900000
-970,53000000
-969,53100000
-968,53200000
-967,53300000
-966,53400000
-965,53500000
-964,53600000
-963,53700000
-962,53800000
-961,53900000
-960,54000000
-959,54100000
-958,54200000
-957,54300000
-956,54400000
-955,54500000
-954,54600000
-953,54700000
-952,54800000
-951,54900000
-950,55000000
-949,55100000
-948,55200000
-947,55300000
-946,55400000
-945,55500000
-944,55600000
-943,55700000
-942,55800000
-941,55900000
-940,56000000
-939,56100000
-938,56200000
-937,56300000
-936,56400000
-935,56500000
-934,56600000
-933,56700000
-932,56800000
-931,56900000
-930,57000000
-929,57100000
-928,57200000
-927,57300000
-926,57400000
-925,57500000
-924,57600000
-923,57700000
-922,57800000
-921,57900000
-920,58000000
-919,58100000
-918,58200000
-917,58300000
-916,58400000
-915,58500000
-914,58600000
-913,58700000
-912,58800000
-911,58900000
-910,59000000
-909,59100000
-908,59200000
-907,59300000
-906,59400000
-905,59500000
-904,59600000
-903,59700000
-902,59800000
-901,59900000
-900,60000000
-899,60100000
-898,60200000
-897,60300000
-896,60400000
-895,60500000
-894,60600000
-893,60700000
-892,60800000
-891,60900000
-890,61000000
-889,61100000
-888,61200000
-887,61300000
-886,61400000
-885,61500000
-884,61600000
-883,61700000
-882,61800000
-881,61900000
-880,62000000
-879,62100000
-878,62200000
-877,62300000
-876,62400000
-875,62500000
-874,62600000
-873,62700000
-872,62800000
-871,62900000
-870,63000000
-869,63100000
-868,63200000
-867,63300000
-866,63400000
-865,63500000
-864,63600000
-863,63700000
-862,63800000
-861,63900000
-860,64000000
-859,64100000
-858,64200000
-857,64300000
-856,64400000
-855,64500000
-854,64600000
-853,64700000
-852,64800000
-851,64900000
-850,65000000
-849,65100000
-848,65200000
-847,65300000
-846,65400000
-845,65500000
-844,65600000
-843,65700000
-842,65800000
-841,65900000
-840,66000000
-839,66100000
-838,66200000
-837,66300000
-836,66400000
-835,66500000
-834,66600000
-833,66700000
-832,66800000
-831,66900000
-830,67000000
-829,67100000
-828,67200000
-827,67300000
-826,67400000
-825,67500000
-824,67600000
-823,67700000
-822,67800000
-821,67900000
-820,68000000
-819,68100000
-818,68200000
-817,68300000
-816,68400000
-815,68500000
-814,68600000
-813,68700000
-812,68800000
-811,68900000
-810,69000000
-809,69100000
-808,69200000
-807,69300000
-806,69400000
-805,69500000
-804,69600000
-803,69700000
-802,69800000
-801,69900000
-800,70000000
-799,70100000
-798,70200000
-797,70300000
-796,70400000
-795,70500000
-794,70600000
-793,70700000
-792,70800000
-791,70900000
-790,71000000
-789,71100000
-788,71200000
-787,71300000
-786,71400000
-785,71500000
-784,71600000
-783,71700000
-782,71800000
-781,71900000
-780,72000000
-779,72100000
-778,72200000
-777,72300000
-776,72400000
-775,72500000
-774,72600000
-773,72700000
-772,72800000
-771,72900000
-770,73000000
-769,73100000
-768,73200000
-767,73300000
-766,73400000
-765,73500000
-764,73600000
-763,73700000
-762,73800000
-761,73900000
-760,74000000
-759,74100000
-758,74200000
-757,74300000
-756,74400000
-755,74500000
-754,74600000
-753,74700000
-752,74800000
-751,74900000
-750,75000000
-749,75100000
-748,75200000
-747,75300000
-746,75400000
-745,75500000
-744,75600000
-743,75700000
-742,75800000
-741,75900000
-740,76000000
-739,76100000
-738,76200000
-737,76300000
-736,76400000
-735,76500000
-734,76600000
-733,76700000
-732,76800000
-731,76900000
-730,77000000
-729,77100000
-728,77200000
-727,77300000
-726,77400000
-725,77500000
-724,77600000
-723,77700000
-722,77800000
-721,77900000
-720,78000000
-719,78100000
-718,78200000
-717,78300000
-716,78400000
-715,78500000
-714,78600000
-713,78700000
-712,78800000
-711,78900000
-710,79000000
-709,79100000
-708,79200000
-707,79300000
-706,79400000
-705,79500000
-704,79600000
-703,79700000
-702,79800000
-701,79900000
-700,80000000
-699,80100000
-698,80200000
-697,80300000
-696,80400000
-695,80500000
-694,80600000
-693,80700000
-692,80800000
-691,80900000
-690,81000000
-689,81100000
-688,81200000
-687,81300000
-686,81400000
-685,81500000
-684,81600000
-683,81700000
-682,81800000
-681,81900000
-680,82000000
-679,82100000
-678,82200000
-677,82300000
-676,82400000
-675,82500000
-674,82600000
-673,82700000
-672,82800000
-671,82900000
-670,83000000
-669,83100000
-668,83200000
-667,83300000
-666,83400000
-665,83500000
-664,83600000
-663,83700000
-662,83800000
-661,83900000
-660,84000000
-659,84100000
-658,84200000
-657,84300000
-656,84400000
-655,84500000
-654,84600000
-653,84700000
-652,84800000
-651,84900000
-650,85000000
-649,85100000
-648,85200000
-647,85300000
-646,85400000
-645,85500000
-644,85600000
-643,85700000
-642,85800000
-641,85900000
-640,86000000
-639,86100000
-638,86200000
-637,86300000
-636,86400000
-635,86500000
-634,86600000
-633,86700000
-632,86800000
-631,86900000
-630,87000000
-629,87100000
-628,87200000
-627,87300000
-626,87400000
-625,87500000
-624,87600000
-623,87700000
-622,87800000
-621,87900000
-620,88000000
-619,88100000
-618,88200000
-617,88300000
-616,88400000
-615,88500000
-614,88600000
-613,88700000
-612,88800000
-611,88900000
-610,89000000
-609,89100000
-608,89200000
-607,89300000
-606,89400000
-605,89500000
-604,89600000
-603,89700000
-602,89800000
-601,89900000
-600,90000000
-599,90100000
-598,90200000
-597,90300000
-596,90400000
-595,90500000
-594,90600000
-593,90700000
-592,90800000
-591,90900000
-590,91000000
-589,91100000
-588,91200000
-587,91300000
-586,91400000
-585,91500000
-584,91600000
-583,91700000
-582,91800000
-581,91900000
-580,92000000
-579,92100000
-578,92200000
-577,92300000
-576,92400000
-575,92500000
-574,92600000
-573,92700000
-572,92800000
-571,92900000
-570,93000000
-569,93100000
-568,93200000
-567,93300000
-566,93400000
-565,93500000
-564,93600000
-563,93700000
-562,93800000
-561,93900000
-560,94000000
-559,94100000
-558,94200000
-557,94300000
-556,94400000
-555,94500000
-554,94600000
-553,94700000
-552,94800000
-551,94900000
-550,95000000
-549,95100000
-548,95200000
-547,95300000
-546,95400000
-545,95500000
-544,95600000
-543,95700000
-542,95800000
-541,95900000
-540,96000000
-539,96100000
-538,96200000
-537,96300000
-536,96400000
-535,96500000
-534,96600000
-533,96700000
-532,96800000
-531,96900000
-530,97000000
-529,97100000
-528,97200000
-527,97300000
-526,97400000
-525,97500000
-524,97600000
-523,97700000
-522,97800000
-521,97900000
-520,98000000
-519,98100000
-518,98200000
-517,98300000
-516,98400000
-515,98500000
-514,98600000
-513,98700000
-512,98800000
-511,98900000
-510,99000000
-509,99100000
-508,99200000
-507,99300000
-506,99400000
-505,99500000
-504,99600000
-503,99700000
-502,99800000
-501,99900000
-500,100000000
-499,100166666
-498,100333333
-497,100500000
-496,100666666
-495,100833333
-494,101000000
-493,101166666
-492,101333333
-491,101500000
-490,101666666
-489,101833333
-488,102000000
-487,102166666
-486,102333333
-485,102500000
-484,102666666
-483,102833333
-482,103000000
-481,103166666
-480,103333333
-479,103500000
-478,103666666
-477,103833333
-476,104000000
-475,104166666
-474,104333333
-473,104500000
-472,104666666
-471,104833333
-470,105000000
-469,105166666
-468,105333333
-467,105500000
-466,105666666
-465,105833333
-464,106000000
-463,106166666
-462,106333333
-461,106500000
-460,106666666
-459,106833333
-458,107000000
-457,107166666
-456,107333333
-455,107500000
-454,107666666
-453,107833333
-452,108000000
-451,108166666
-450,108333333
-449,108500000
-448,108666666
-447,108833333
-446,109000000
-445,109166666
-444,109333333
-443,109500000
-442,109666666
-441,109833333
-440,110000000
-439,110166666
-438,110333333
-437,110500000
-436,110666666
-435,110833333
-434,111000000
-433,111166666
-432,111333333
-431,111500000
-430,111666666
-429,111833333
-428,112000000
-427,112166666
-426,112333333
-425,112500000
-424,112666666
-423,112833333
-422,113000000
-421,113166666
-420,113333333
-419,113500000
-418,113666666
-417,113833333
-416,114000000
-415,114166666
-414,114333333
-413,114500000
-412,114666666
-411,114833333
-410,115000000
-409,115166666
-408,115333333
-407,115500000
-406,115666666
-405,115833333
-404,116000000
-403,116166666
-402,116333333
-401,116500000
-400,116666666
-399,116833333
-398,117000000
-397,117166666
-396,117333333
-395,117500000
-394,117666666
-393,117833333
-392,118000000
-391,118166666
-390,118333333
-389,118500000
-388,118666666
-387,118833333
-386,119000000
-385,119166666
-384,119333333
-383,119500000
-382,119666666
-381,119833333
-380,120000000
-379,120166666
-378,120333333
-377,120500000
-376,120666666
-375,120833333
-374,121000000
-373,121166666
-372,121333333
-371,121500000
-370,121666666
-369,121833333
-368,122000000
-367,122166666
-366,122333333
-365,122500000
-364,122666666
-363,122833333
-362,123000000
-361,123166666
-360,123333333
-359,123500000
-358,123666666
-357,123833333
-356,124000000
-355,124166666
-354,124333333
-353,124500000
-352,124666666
-351,124833333
-350,125000000
-349,125166666
-348,125333333
-347,125500000
-346,125666666
-345,125833333
-344,126000000
-343,126166666
-342,126333333
-341,126500000
-340,126666666
-339,126833333
-338,127000000
-337,127166666
-336,127333333
-335,127500000
-334,127666666
-333,127833333
-332,128000000
-331,128166666
-330,128333333
-329,128500000
-328,128666666
-327,128833333
-326,129000000
-325,129166666
-324,129333333
-323,129500000
-322,129666666
-321,129833333
-320,130000000
-319,130166666
-318,130333333
-317,130500000
-316,130666666
-315,130833333
-314,131000000
-313,131166666
-312,131333333
-311,131500000
-310,131666666
-309,131833333
-308,132000000
-307,132166666
-306,132333333
-305,132500000
-304,132666666
-303,132833333
-302,133000000
-301,133166666
-300,133333333
-299,133500000
-298,133666666
-297,133833333
-296,134000000
-295,134166666
-294,134333333
-293,134500000
-292,134666666
-291,134833333
-290,135000000
-289,135166666
-288,135333333
-287,135500000
-286,135666666
-285,135833333
-284,136000000
-283,136166666
-282,136333333
-281,136500000
-280,136666666
-279,136833333
-278,137000000
-277,137166666
-276,137333333
-275,137500000
-274,137666666
-273,137833333
-272,138000000
-271,138166666
-270,138333333
-269,138500000
-268,138666666
-267,138833333
-266,139000000
-265,139166666
-264,139333333
-263,139500000
-262,139666666
-261,139833333
-260,140000000
-259,140166666
-258,140333333
-257,140500000
-256,140666666
-255,140833333
-254,141000000
-253,141166666
-252,141333333
-251,141500000
-250,141666666
-249,141833333
-248,142000000
-247,142166666
-246,142333333
-245,142500000
-244,142666666
-243,142833333
-242,143000000
-241,143166666
-240,143333333
-239,143500000
-238,143666666
-237,143833333
-236,144000000
-235,144166666
-234,144333333
-233,144500000
-232,144666666
-231,144833333
-230,145000000
-229,145166666
-228,145333333
-227,145500000
-226,145666666
-225,145833333
-224,146000000
-223,146166666
-222,146333333
-221,146500000
-220,146666666
-219,146833333
-218,147000000
-217,147166666
-216,147333333
-215,147500000
-214,147666666
-213,147833333
-212,148000000
-211,148166666
-210,148333333
-209,148500000
-208,148666666
-207,148833333
-206,149000000
-205,149166666
-204,149333333
-203,149500000
-202,149666666
-201,149833333
-200,150000000
-199,150100000
-198,150200000
-197,150300000
-196,150400000
-195,150500000
-194,150600000
-193,150700000
-192,150800000
-191,150900000
-190,151000000
-189,151100000
-188,151200000
-187,151300000
-186,151400000
-185,151500000
-184,151600000
-183,151700000
-182,151800000
-181,151900000
-180,152000000
-179,152100000
-178,152200000
-177,152300000
-176,152400000
-175,152500000
-174,152600000
-173,152700000
-172,152800000
-171,152900000
-170,153000000
-169,153100000
-168,153200000
-167,153300000
-166,153400000
-165,153500000
-164,153600000
-163,153700000
-162,153800000
-161,153900000
-160,154000000
-159,154100000
-158,154200000
-157,154300000
-156,154400000
-155,154500000
-154,154600000
-153,154700000
-152,154800000
-151,154900000
-150,155000000
-149,155100000
-148,155200000
-147,155300000
-146,155400000
-145,155500000
-144,155600000
-143,155700000
-142,155800000
-141,155900000
-140,156000000
-139,156100000
-138,156200000
-137,156300000
-136,156400000
-135,156500000
-134,156600000
-133,156700000
-132,156800000
-131,156900000
-130,157000000
-129,157100000
-128,157200000
-127,157300000
-126,157400000
-125,157500000
-124,157600000
-123,157700000
-122,157800000
-121,157900000
-120,158000000
-119,158100000
-118,158200000
-117,158300000
-116,158400000
-115,158500000
-114,158600000
-113,158700000
-112,158800000
-111,158900000
-110,159000000
-109,159100000
-108,159200000
-107,159300000
-106,159400000
-105,159500000
-104,159600000
-103,159700000
-102,159800000
-101,159900000
-100,160000000
-99,160100000
-98,160200000
-97,160300000
-96,160400000
-95,160500000
-94,160600000
-93,160700000
-92,160800000
-91,160900000
-90,161000000
-89,161100000
-88,161200000
-87,161300000
-86,161400000
-85,161500000
-84,161600000
-83,161700000
-82,161800000
-81,161900000
-80,162000000
-79,162100000
-78,162200000
-77,162300000
-76,162400000
-75,162500000
-74,162600000
-73,162700000
-72,162800000
-71,162900000
-70,163000000
-69,163100000
-68,163200000
-67,163300000
-66,163400000
-65,163500000
-64,163600000
-63,163700000
-62,163800000
-61,163900000
-60,164000000
-59,164100000
-58,164200000
-57,164300000
-56,164400000
-55,164500000
-54,164600000
-53,164700000
-52,164800000
-51,164900000
-50,165000000
-49,165100000
-48,165200000
-47,165300000
-46,165400000
-45,165500000
-44,165600000
-43,165700000
-42,165800000
-41,165900000
-40,166000000
-39,166100000
-38,166200000
-37,166300000
-36,166400000
-35,166500000
-34,166600000
-33,166700000
-32,166800000
-31,166900000
-30,167000000
-29,167100000
-28,167200000
-27,167300000
-26,167400000
-25,167500000
-24,167600000
-23,167700000
-22,167800000
-21,167900000
-20,168000000
-19,168100000
-18,168200000
-17,168300000
-16,168400000
-15,168500000
-14,168600000
-13,168700000
-12,168800000
-11,168900000
-10,169000000
-9,169100000
-8,169200000
-7,169300000
-6,169400000
-5,169500000
-4,169600000
-3,169700000
-2,169800000
-1,169900000
0,170000000
1,170100000
2,170200000
3,170300000
4,170400000
5,170500000
6,170600000
7,170700000
8,170800000
9,170900000
10,171000000
11,171100000
12,171200000
13,171300000
14,171400000
15,171500000
16,171600000
17,171700000
18,171800000
19,171900000
20,172000000
21,172100000
22,172200000
23,172300000
24,172400000
25,172500000
26,172600000
27,172700000
28,172800000
29,172900000
30,173000000
31,173100000
32,173200000
33,173300000
34,173400000
35,173500000
36,173600000
37,173700000
38,173800000
39,173900000
40,174000000
41,174100000
42,174200000
43,174300000
44,174400000
45,174500000
46,174600000
47,174700000
48,174800000
49,174900000
50,175000000
51,175100000
52,175200000
53,175300000
54,175400000
55,175500000
56,175600000
57,175700000
58,175800000
59,175900000
60,176000000
61,176100000
62,176200000
63,176300000
64,176400000
65,176500000
66,176600000
67,176700000
68,176800000
69,176900000
70,177000000
71,177100000
72,177200000
73,177300000
74,177400000
75,177500000
76,177600000
77,177700000
78,177800000
79,177900000
80,178000000
81,178100000
82,178200000
83,178300000
84,178400000
85,178500000
86,178600000
87,178700000
88,178800000
89,178900000
90,179000000
91,179100000
92,179200000
93,179300000
94,179400000
95,179500000
96,179600000
97,179700000
98,179800000
99,179900000
100,180000000
101,180100000
102,180200000
103,180300000
104,180400000
105,180500000
106,180600000
107,180700000
108,180800000
109,180900000
110,181000000
111,181100000
112,181200000
113,181300000
114,181400000
115,181500000
116,181600000
117,181700000
118,181800000
119,181900000
120,182000000
121,182100000
122,182200000
123,182300000
124,182400000
125,182500000
126,182600000
127,182700000
128,182800000
129,182900000
130,183000000
131,183100000
132,183200000
133,183300000
134,183400000
135,183500000
136,183600000
137,183700000
138,183800000
139,183900000
140,184000000
141,184100000
142,184200000
143,184300000
144,184400000
145,184500000
146,184600000
147,184700000
148,184800000
149,184900000
150,185000000
151,185100000
152,185200000
153,185300000
154,185400000
155,185500000
156,185600000
157,185700000
158,185800000
159,185900000
160,186000000
161,186100000
162,186200000
163,186300000
164,186400000
165,186500000
166,186600000
167,186700000
168,186800000
169,186900000
170,187000000
171,187100000
172,187200000
173,187300000
174,187400000
175,187500000
176,187600000
177,187700000
178,187800000
179,187900000
180,188000000
181,188100000
182,188200000
183,188300000
184,188400000
185,188500000
186,188600000
187,188700000
188,188800000
189,188900000
190,189000000
191,189100000
192,189200000
193,189300000
194,189400000
195,189500000
196,189600000
197,189700000
198,189800000
199,189900000
200,190000000
201,190025000
202,190050000
203,190075000
204,190100000
205,190125000
206,190150000
207,190175000
208,190200000
209,190225000
210,190250000
211,190275000
212,190300000
213,190325000
214,190350000
215,190375000
216,190400000
217,190425000
218,190450000
219,190475000
220,190500000
221,190525000
222,190550000
223,190575000
224,190600000
225,190625000
226,190650000
227,190675000
228,190700000
229,190725000
230,190750000
231,190775000
232,190800000
233,190825000
234,190850000
235,190875000
236,190900000
237,190925000
238,190950000
239,190975000
240,191000000
241,191025000
242,191050000
243,191075000
244,191100000
245,191125000
246,191150000
247,191175000
248,191200000
249,191225000
250,191250000
251,191275000
252,191300000
253,191325000
254,191350000
255,191375000
256,191400000
257,191425000
258,191450000
259,191475000
260,191500000
261,191525000
262,191550000
263,191575000
264,191600000
265,191625000
266,191650000
267,191675000
268,191700000
269,191725000
270,191750000
271,191775000
272,191800000
273,191825000
274,191850000
275,191875000
276,191900000
277,191925000
278,191950000
279,191975000
280,192000000
281,192025000
282,192050000
283,192075000
284,192100000
285,192125000
286,192150000
287,192175000
288,192200000
289,192225000
290,192250000
291,192275000
292,192300000
293,192325000
294,192350000
295,192375000
296,192400000
297,192425000
298,192450000
299,192475000
300,192500000
301,192525000
302,192550000
303,192575000
304,192600000
305,192625000
306,192650000
307,192675000
308,192700000
309,192725000
310,192750000
311,192775000
312,192800000
313,192825000
314,192850000
315,192875000
316,192900000
317,192925000
318,192950000
319,192975000
320,193000000
321,193025000
322,193050000
323,193075000
324,193100000
325,193125000
326,193150000
327,193175000
328,193200000
329,193225000
330,193250000
331,193275000
332,193300000
333,193325000
334,193350000
335,193375000
336,193400000
337,193425000
338,193450000
339,193475000
340,193500000
341,193525000
342,193550000
343,193575000
344,193600000
345,193625000
346,193650000
347,193675000
348,193700000
349,193725000
350,193750000
351,193775000
352,193800000
353,193825000
354,193850000
355,193875000
356,193900000
357,193925000
358,193950000
359,193975000
360,194000000
361,194025000
362,194050000
363,194075000
364,194100000
365,194125000
366,194150000
367,194175000
368,194200000
369,194225000
370,194250000
371,194275000
372,194300000
373,194325000
374,194350000
375,194375000
376,194400000
377,194425000
378,194450000
379,194475000
380,194500000
381,194525000
382,194550000
383,194575000
384,194600000
385,194625000
386,194650000
387,194675000
388,194700000
389,194725000
390,194750000
391,194775000
392,194800000
393,194825000
394,194850000
395,194875000
396,194900000
397,194925000
398,194950000
399,194975000
400,195000000
401,195025000
402,195050000
403,195075000
404,195100000
405,195125000
406,195150000
407,195175000
408,195200000
409,195225000
410,195250000
411,195275000
412,195300000
413,195325000
414,195350000
415,195375000
416,195400000
417,195425000
418,195450000
419,195475000
420,195500000
421,195525000
422,195550000
423,195575000
424,195600000
425,195625000
426,195650000
427,195675000
428,195700000
429,195725000
430,195750000
431,195775000
432,195800000
433,195825000
434,195850000
435,195875000
436,195900000
437,195925000
438,195950000
439,195975000
440,196000000
441,196025000
442,196050000
443,196075000
444,196100000
445,196125000
446,196150000
447,196175000
448,196200000
449,196225000
450,196250000
451,196275000
452,196300000
453,196325000
454,196350000
455,196375000
456,196400000
457,196425000
458,196450000
459,196475000
460,196500000
461,196525000
462,196550000
463,196575000
464,196600000
465,196625000
466,196650000
467,196675000
468,196700000
469,196725000
470,196750000
471,196775000
472,196800000
473,196825000
474,196850000
475,196875000
476,196900000
477,196925000
478,196950000
479,196975000
480,197000000
481,197025000
482,197050000
483,197075000
484,197100000
485,197125000
486,197150000
487,197175000
488,197200000
489,197225000
490,197250000
491,197275000
492,197300000
493,197325000
494,197350000
495,197375000
496,197400000
497,197425000
498,197450000
499,197475000
500,197500000
501,197525000
502,197550000
503,197575000
504,197600000
505,197625000
506,197650000
507,197675000
508,197700000
509,197725000
510,197750000
511,197775000
512,197800000
513,197825000
514,197850000
515,197875000
516,197900000
517,197925000
518,197950000
519,197975000
520,198000000
521,198025000
522,198050000
523,198075000
524,198100000
525,198125000
526,198150000
527,198175000
528,198200000
529,198225000
530,198250000
531,198275000
532,198300000
533,198325000
534,198350000
535,198375000
536,198400000
537,198425000
538,198450000
539,198475000
540,198500000
541,198525000
542,198550000
543,198575000
544,198600000
545,198625000
546,198650000
547,198675000
548,198700000
549,198725000
550,198750000
551,198775000
552,198800000
553,198825000
554,198850000
555,198875000
556,198900000
557,198925000
558,198950000
559,198975000
560,199000000
561,199025000
562,199050000
563,199075000
564,199100000
565,199125000
566,199150000
567,199175000
568,199200000
569,199225000
570,199250000
571,199275000
572,199300000
573,199325000
574,199350000
575,199375000
576,199400000
577,199425000
578,199450000
579,199475000
580,199500000
581,199525000
582,199550000
583,199575000
584,199600000
585,199625000
586,199650000
587,199675000
588,199700000
589,199725000
590,199750000
591,199775000
592,199800000
593,199825000
594,199850000
595,199875000
596,199900000
597,199925000
598,199950000
599,199975000
600,200000000
601,200100000
602,200200000
603,200300000
604,200400000
605,200500000
606,200600000
607,200700000
608,200800000
609,200900000
610,201000000
611,201100000
612,201200000
613,201300000
614,201400000
615,201500000
616,201600000
617,201700000
618,201800000
619,201900000
620,202000000
621,202100000
622,202200000
623,202300000
624,202400000
625,202500000
626,202600000
627,202700000
628,202800000
629,202900000
630,203000000
631,203100000
632,203200000
633,203300000
634,203400000
635,203500000
636,203600000
637,203700000
638,203800000
639,203900000
640,204000000
641,204100000
642,204200000
643,204300000
644,204400000
645,204500000
646,204600000
647,204700000
648,204800000
649,204900000
650,205000000
651,205100000
652,205200000
653,205300000
654,205400000
655,205500000
656,205600000
657,205700000
658,205800000
659,205900000
660,206000000
661,206100000
662,206200000
663,206300000
664,206400000
665,206500000
666,206600000
667,206700000
668,206800000
669,206900000
670,207000000
671,207100000
672,207200000
673,207300000
674,207400000
675,207500000
676,207600000
677,207700000
678,207800000
679,207900000
680,208000000
681,208100000
682,208200000
683,208300000
684,208400000
685,208500000
686,208600000
687,208700000
688,208800000
689,208900000
690,209000000
691,209100000
692,209200000
693,209300000
694,209400000
695,209500000
696,209600000
697,209700000
698,209800000
699,209900000
700,210000000
701,210100000
702,210200000
703,210300000
704,210400000
705,210500000
706,210600000
707,210700000
708,210800000
709,210900000
710,211000000
711,211100000
712,211200000
713,211300000
714,211400000
715,211500000
716,211600000
717,211700000
718,211800000
719,211900000
720,212000000
721,212100000
722,212200000
723,212300000
724,212400000
725,212500000
726,212600000
727,212700000
728,212800000
729,212900000
730,213000000
731,213100000
732,213200000
733,213300000
734,213400000
735,213500000
736,213600000
737,213700000
738,213800000
739,213900000
740,214000000
741,214100000
742,214200000
743,214300000
744,214400000
745,214500000
746,214600000
747,214700000
748,214800000
749,214900000
750,215000000
751,215100000
752,215200000
753,215300000
754,215400000
755,215500000
756,215600000
757,215700000
758,215800000
759,215900000
760,216000000
761,216100000
762,216200000
763,216300000
764,216400000
765,216500000
766,216600000
767,216700000
768,216800000
769,216900000
770,217000000
771,217100000
772,217200000
773,217300000
774,217400000
775,217500000
776,217600000
777,217700000
778,217800000
779,217900000
780,218000000
781,218100000
782,218200000
783,218300000
784,218400000
785,218500000
786,218600000
787,218700000
788,218800000
789,218900000
790,219000000
791,219100000
792,219200000
793,219300000
794,219400000
795,219500000
796,219600000
797,219700000
798,219800000
799,219900000
800,220000000
801,220200000
802,220400000
803,220600000
804,220800000
805,221000000
806,221200000
807,221400000
808,221600000
809,221800000
810,222000000
811,222200000
812,222400000
813,222600000
814,222800000
815,223000000
816,223200000
817,223400000
818,223600000
819,223800000
820,224000000
821,224200000
822,224400000
823,224600000
824,224800000
825,225000000
826,225200000
827,225400000
828,225600000
829,225800000
830,226000000
831,226200000
832,226400000
833,226600000
834,226800000
835,227000000
836,227200000
837,227400000
838,227600000
839,227800000
840,228000000
841,228200000
842,228400000
843,228600000
844,228800000
845,229000000
846,229200000
847,229400000
848,229600000
849,229800000
850,230000000
851,230200000
852,230400000
853,230600000
854,230800000
855,231000000
856,231200000
857,231400000
858,231600000
859,231800000
860,232000000
861,232200000
862,232400000
863,232600000
864,232800000
865,233000000
866,233200000
867,233400000
868,233600000
869,233800000
870,234000000
871,234200000
872,234400000
873,234600000
874,234800000
875,235000000
876,235200000
877,235400000
878,235600000
879,235800000
880,236000000
881,236200000
882,236400000
883,236600000
884,236800000
885,237000000
886,237200000
887,237400000
888,237600000
889,237800000
890,238000000
891,238200000
892,238400000
893,238600000
894,238800000
895,239000000
896,239200000
897,239400000
898,239600000
899,239800000
900,240000000
901,240350000
902,240700000
903,241050000
904,241400000
905,241750000
906,242100000
907,242450000
908,242800000
909,243150000
910,243500000
911,243850000
912,244200000
913,244550000
914,244900000
915,245250000
916,245600000
917,245950000
918,246300000
919,246650000
920,247000000
921,247350000
922,247700000
923,248050000
924,248400000
925,248750000
926,249100000
927,249450000
928,249800000
929,250150000
930,250500000
931,250850000
932,251200000
933,251550000
934,251900000
935,252250000
936,252600000
937,252950000
938,253300000
939,253650000
940,254000000
941,254350000
942,254700000
943,255050000
944,255400000
945,255750000
946,256100000
947,256450000
948,256800000
949,257150000
950,257500000
951,257850000
952,258200000
953,258550000
954,258900000
955,259250000
956,259600000
957,259950000
958,260300000
959,260650000
960,261000000
961,261350000
962,261700000
963,262050000
964,262400000
965,262750000
966,263100000
967,263450000
968,263800000
969,264150000
970,264500000
971,264850000
972,265200000
973,265550000
974,265900000
975,266250000
976,266600000
977,266950000
978,267300000
979,267650000
980,268000000
981,268350000
982,268700000
983,269050000
984,269400000
985,269750000
986,270100000
987,270450000
988,270800000
989,271150000
990,271500000
991,271850000
992,272200000
993,272550000
994,272900000
995,273250000
996,273600000
997,273950000
998,274300000
999,274650000
1000,275000000
1001,275450000
1002,275900000
1003,276350000
1004,276800000
1005,277250000
1006,277700000
1007,278150000
1008,278600000
1009,279050000
1010,279500000
1011,279950000
1012,280400000
1013,280850000
1014,281300000
1015,281750000
1016,282200000
1017,282650000
1018,283100000
1019,283550000
1020,284000000
1021,284450000
1022,284900000
1023,285350000
1024,285800000
1025,286250000
1026,286700000
1027,287150000
1028,287600000
1029,288050000
1030,288500000
1031,288950000
1032,289400000
1033,289850000
1034,290300000
1035,290750000
1036,291200000
1037,291650000
1038,292100000
1039,292550000
1040,293000000
1041,293450000
1042,293900000
1043,294350000
1044,294800000
1045,295250000
1046,295700000
1047,296150000
1048,296600000
1049,297050000
1050,297500000
1051,297950000
1052,298400000
1053,298850000
1054,299300000
1055,299750000
1056,300200000
1057,300650000
1058,301100000
1059,301550000
1060,302000000
1061,302450000
1062,302900000
1063,303350000
1064,303800000
1065,304250000
1066,304700000
1067,305150000
1068,305600000
1069,306050000
1070,306500000
1071,306950000
1072,307400000
1073,307850000
1074,308300000
1075,308750000
1076,309200000
1077,309650000
1078,310100000
1079,310550000
1080,311000000
1081,311450000
1082,311900000
1083,312350000
1084,312800000
1085,313250000
1086,313700000
1087,314150000
1088,314600000
1089,315050000
1090,315500000
1091,315950000
1092,316400000
1093,316850000
1094,317300000
1095,317750000
1096,318200000
1097,318650000
1098,319100000
1099,319550000
1100,320000000
1101,320400000
1102,320800000
1103,321200000
1104,321600000
1105,322000000
1106,322400000
1107,322800000
1108,323200000
1109,323600000
1110,324000000
1111,324400000
1112,324800000
1113,325200000
1114,325600000
1115,326000000
1116,326400000
1117,326800000
1118,327200000
1119,327600000
1120,328000000
1121,328400000
1122,328800000
1123,329200000
1124,329600000
1125,330000000
1126,330400000
1127,330800000
1128,331200000
1129,331600000
1130,332000000
1131,332400000
1132,332800000
1133,333200000
1134,333600000
1135,334000000
1136,334400000
1137,334800000
1138,335200000
1139,335600000
1140,336000000
1141,336400000
1142,336800000
1143,337200000
1144,337600000
1145,338000000
1146,338400000
1147,338800000
1148,339200000
1149,339600000
1150,340000000
1151,340400000
1152,340800000
1153,341200000
1154,341600000
1155,342000000
1156,342400000
1157,342800000
1158,343200000
1159,343600000
1160,344000000
1161,344400000
1162,344800000
1163,345200000
1164,345600000
1165,346000000
1166,346400000
1167,346800000
1168,347200000
1169,347600000
1170,348000000
1171,348400000
1172,348800000
1173,349200000
1174,349600000
1175,350000000
1176,350400000
1177,350800000
1178,351200000
1179,351600000
1180,352000000
1181,352400000
1182,352800000
1183,353200000
1184,353600000
1185,354000000
1186,354400000
1187,354800000
1188,355200000
1189,355600000
1190,356000000
1191,356400000
1192,356800000
1193,357200000
1194,357600000
1195,358000000
1196,358400000
1197,358800000
1198,359200000
1199,359600000
1200,360000000
1201,359950000
1202,359900000
1203,359850000
1204,359800000
1205,359750000
1206,359700000
1207,359650000
1208,359600000
1209,359550000
1210,359500000
1211,359450000
1212,359400000
1213,359350000
1214,359300000
1215,359250000
1216,359200000
1217,359150000
1218,359100000
1219,359050000
1220,359000000
1221,358950000
1222,358900000
1223,358850000
1224,358800000
1225,358750000
1226,358700000
1227,358650000
1228,358600000
1229,358550000
1230,358500000
1231,358450000
1232,358400000
1233,358350000
1234,358300000
1235,358250000
1236,358200000
1237,358150000
1238,358100000
1239,358050000
1240,358000000
1241,357950000
1242,357900000
1243,357850000
1244,357800000
1245,357750000
1246,357700000
1247,357650000
1248,357600000
1249,357550000
1250,357500000
1251,357450000
1252,357400000
1253,357350000
1254,357300000
1255,357250000
1256,357200000
1257,357150000
1258,357100000
1259,357050000
1260,357000000
1261,356950000
1262,356900000
1263,356850000
1264,356800000
1265,356750000
1266,356700000
1267,356650000
1268,356600000
1269,356550000
1270,356500000
1271,356450000
1272,356400000
1273,356350000
1274,356300000
1275,356250000
1276,356200000
1277,356150000
1278,356100000
1279,356050000
1280,356000000
1281,355950000
1282,355900000
1283,355850000
1284,355800000
1285,355750000
1286,355700000
1287,355650000
1288,355600000
1289,355550000
1290,355500000
1291,355450000
1292,355400000
1293,355350000
1294,355300000
1295,355250000
1296,355200000
1297,355150000
1298,355100000
1299,355050000
1300,355000000
1301,354950000
1302,354900000
1303,354850000
1304,354800000
1305,354750000
1306,354700000
1307,354650000
1308,354600000
1309,354550000
1310,354500000
1311,354450000
1312,354400000
1313,354350000
1314,354300000
1315,354250000
1316,354200000
1317,354150000
1318,354100000
1319,354050000
1320,354000000
1321,353950000
1322,353900000
1323,353850000
1324,353800000
1325,353750000
1326,353700000
1327,353650000
1328,353600000
1329,353550000
1330,353500000
1331,353450000
1332,353400000
1333,353350000
1334,353300000
1335,353250000
1336,353200000
1337,353150000
1338,353100000
1339,353050000
1340,353000000
1341,352950000
1342,352900000
1343,352850000
1344,352800000
1345,352750000
1346,352700000
1347,352650000
1348,352600000
1349,352550000
1350,352500000
1351,352450000
1352,352400000
1353,352350000
1354,352300000
1355,352250000
1356,352200000
1357,352150000
1358,352100000
1359,352050000
1360,352000000
1361,351950000
1362,351900000
1363,351850000
1364,351800000
1365,351750000
1366,351700000
1367,351650000
1368,351600000
1369,351550000
1370,351500000
1371,351450000
1372,351400000
1373,351350000
1374,351300000
1375,351250000
1376,351200000
1377,351150000
1378,351100000
1379,351050000
1380,351000000
1381,350950000
1382,350900000
1383,350850000
1384,350800000
1385,350750000
1386,350700000
1387,350650000
1388,350600000
1389,350550000
1390,350500000
1391,350450000
1392,350400000
1393,350350000
1394,350300000
1395,350250000
1396,350200000
1397,350150000
1398,350100000
1399,350050000
1400,350000000
1401,351000000
1402,352000000
1403,353000000
1404,354000000
1405,355000000
1406,356000000
1407,357000000
1408,358000000
1409,359000000
1410,360000000
1411,361000000
1412,362000000
1413,363000000
1414,364000000
1415,365000000
1416,366000000
1417,367000000
1418,368000000
1419,369000000
1420,370000000
1421,371000000
1422,372000000
1423,373000000
1424,374000000
1425,375000000
1426,376000000
1427,377000000
1428,378000000
1429,379000000
1430,380000000
1431,381000000
1432,382000000
1433,383000000
1434,384000000
1435,385000000
1436,386000000
1437,387000000
1438,388000000
1439,389000000
1440,390000000
1441,391000000
1442,392000000
1443,393000000
1444,394000000
1445,395000000
1446,396000000
1447,397000000
1448,398000000
1449,399000000
1450,400000000
1451,401000000
1452,402000000
1453,403000000
1454,404000000
1455,405000000
1456,406000000
1457,407000000
1458,408000000
1459,409000000
1460,410000000
1461,411000000
1462,412000000
1463,413000000
1464,414000000
1465,415000000
1466,416000000
1467,417000000
1468,418000000
1469,419000000
1470,420000000
1471,421000000
1472,422000000
1473,423000000
1474,424000000
1475,425000000
1476,426000000
1477,427000000
1478,428000000
1479,429000000
1480,430000000
1481,431000000
1482,432000000
1483,433000000
1484,434000000
1485,435000000
1486,436000000
1487,437000000
1488,438000000
1489,439000000
1490,440000000
1491,441000000
1492,442000000
1493,443000000
1494,444000000
1495,445000000
1496,446000000
1497,447000000
1498,448000000
1499,449000000
1500,450000000
1501,450500000
1502,451000000
1503,451500000
1504,452000000
1505,452500000
1506,453000000
1507,453500000
1508,454000000
1509,454500000
1510,455000000
1511,455500000
1512,456000000
1513,456500000
1514,457000000
1515,457500000
1516,458000000
1517,458500000
1518,459000000
1519,459500000
1520,460000000
1521,460500000
1522,461000000
1523,461500000
1524,462000000
1525,462500000
1526,463000000
1527,463500000
1528,464000000
1529,464500000
1530,465000000
1531,465500000
1532,466000000
1533,466500000
1534,467000000
1535,467500000
1536,468000000
1537,468500000
1538,469000000
1539,469500000
1540,470000000
1541,470500000
1542,471000000
1543,471500000
1544,472000000
1545,472500000
1546,473000000
1547,473500000
1548,474000000
1549,474500000
1550,475000000
1551,475500000
1552,476000000
1553,476500000
1554,477000000
1555,477500000
1556,478000000
1557,478500000
1558,479000000
1559,479500000
1560,480000000
1561,480500000
1562,481000000
1563,481500000
1564,482000000
1565,482500000
1566,483000000
1567,483500000
1568,484000000
1569,484500000
1570,485000000
1571,485500000
1572,486000000
1573,486500000
1574,487000000
1575,487500000
1576,488000000
1577,488500000
1578,489000000
1579,489500000
1580,490000000
1581,490500000
1582,491000000
1583,491500000
1584,492000000
1585,492500000
1586,493000000
1587,493500000
1588,494000000
1589,494500000
1590,495000000
1591,495500000
1592,496000000
1593,496500000
1594,497000000
1595,497500000
1596,498000000
1597,498500000
1598,499000000
1599,499500000
1600,500000000
1601,501100000
1602,502200000
1603,503300000
1604,504400000
1605,505500000
1606,506600000
1607,507700000
1608,508800000
1609,509900000
1610,511000000
1611,512100000
1612,513200000
1613,514300000
1614,515400000
1615,516500000
1616,517600000
1617,518700000
1618,519800000
1619,520900000
1620,522000000
1621,523100000
1622,524200000
1623,525300000
1624,526400000
1625,527500000
1626,528600000
1627,529700000
1628,530800000
1629,531900000
1630,533000000
1631,534100000
1632,535200000
1633,536300000
1634,537400000
1635,538500000
1636,539600000
1637,540700000
1638,541800000
1639,542900000
1640,544000000
1641,545100000
1642,546200000
1643,547300000
1644,548400000
1645,549500000
1646,550600000
1647,551700000
1648,552800000
1649,553900000
1650,555000000
1651,556100000
1652,557200000
1653,558300000
1654,559400000
1655,560500000
1656,561600000
1657,562700000
1658,563800000
1659,564900000
1660,566000000
1661,567100000
1662,568200000
1663,569300000
1664,570400000
1665,571500000
1666,572600000
1667,573700000
1668,574800000
1669,575900000
1670,577000000
1671,578100000
1672,579200000
1673,580300000
1674,581400000
1675,582500000
1676,583600000
1677,584700000
1678,585800000
1679,586900000
1680,588000000
1681,589100000
1682,590200000
1683,591300000
1684,592400000
1685,593500000
1686,594600000
1687,595700000
1688,596800000
1689,597900000
1690,599000000
1691,600100000
1692,601200000
1693,602300000
1694,603400000
1695,604500000
1696,605600000
1697,606700000
1698,607800000
1699,608900000
1700,610000000
1701,612666666
1702,615333333
1703,618000000
1704,620666666
1705,623333333
1706,626000000
1707,628666666
1708,631333333
1709,634000000
1710,636666666
1711,639333333
1712,642000000
1713,644666666
1714,647333333
1715,650000000
1716,652666666
1717,655333333
1718,658000000
1719,660666666
1720,663333333
1721,666000000
1722,668666666
1723,671333333
1724,674000000
1725,676666666
1726,679333333
1727,682000000
1728,684666666
1729,687333333
1730,690000000
1731,692666666
1732,695333333
1733,698000000
1734,700666666
1735,703333333
1736,706000000
1737,708666666
1738,711333333
1739,714000000
1740,716666666
1741,719333333
1742,722000000
1743,724666666
1744,727333333
1745,730000000
1746,732666666
1747,735333333
1748,738000000
1749,740666666
1750,743333333
1751,746000000
1752,748666666
1753,751333333
1754,754000000
1755,756666666
1756,759333333
1757,762000000
1758,764666666
1759,767333333
1760,770000000
1761,775227272
1762,780454545
1763,785681818
1764,790909090
1765,796136363
1766,801363636
1767,806590909
1768,811818181
1769,817045454
1770,822272727
1771,827500000
1772,832727272
1773,837954545
1774,843181818
1775,848409090
1776,853636363
1777,858863636
1778,864090909
1779,869318181
1780,874545454
1781,879772727
1782,885000000
1783,890227272
1784,895454545
1785,900681818
1786,905909090
1787,911136363
1788,916363636
1789,921590909
1790,926818181
1791,932045454
1792,937272727
1793,942500000
1794,947727272
1795,952954545
1796,958181818
1797,963409090
1798,968636363
1799,973863636
1800,979090909
1801,984318181
1802,989545454
1803,994772727
1804,1000000000
1805,1004347826
1806,1008695652
1807,1013043478
1808,1017391304
1809,1021739130
1810,1026086956
1811,1030434782
1812,1034782608
1813,1039130434
1814,1043478260
1815,1047826086
1816,1052173913
1817,1056521739
1818,1060869565
1819,1065217391
1820,1069565217
1821,1073913043
1822,1078260869
1823,1082608695
1824,1086956521
1825,1091304347
1826,1095652173
1827,1100000000
1828,1104347826
1829,1108695652
1830,1113043478
1831,1117391304
1832,1121739130
1833,1126086956
1834,1130434782
1835,1134782608
1836,1139130434
1837,1143478260
1838,1147826086
1839,1152173913
1840,1156521739
1841,1160869565
1842,1165217391
1843,1169565217
1844,1173913043
1845,1178260869
1846,1182608695
1847,1186956521
1848,1191304347
1849,1195652173
1850,1200000000
1851,1208000000
1852,1216000000
1853,1224000000
1854,1232000000
1855,1240000000
1856,1248000000
1857,1256000000
1858,1264000000
1859,1272000000
1860,1280000000
1861,1288000000
1862,1296000000
1863,1304000000
1864,1312000000
1865,1320000000
1866,1328000000
1867,1336000000
1868,1344000000
1869,1352000000
1870,1360000000
1871,1368000000
1872,1376000000
1873,1384000000
1874,1392000000
1875,1400000000
1876,1408000000
1877,1416000000
1878,1424000000
1879,1432000000
1880,1440000000
1881,1448000000
1882,1456000000
1883,1464000000
1884,1472000000
1885,1480000000
1886,1488000000
1887,1496000000
1888,1504000000
1889,1512000000
1890,1520000000
1891,1528000000
1892,1536000000
1893,1544000000
1894,1552000000
1895,1560000000
1896,1568000000
1897,1576000000
1898,1584000000
1899,1592000000
1900,1600000000
1901,1614814814
1902,1629629629
1903,1644444444
1904,1659259259
1905,1674074074
1906,1688888888
1907,1703703703
1908,1718518518
1909,1733333333
1910,1748148148
1911,1762962962
1912,1777777777
1913,1792592592
1914,1807407407
1915,1822222222
1916,1837037037
1917,1851851851
1918,1866666666
1919,1881481481
1920,1896296296
1921,1911111111
1922,1925925925
1923,1940740740
1924,1955555555
1925,1970370370
1926,1985185185
1927,2000000000
1928,2023827813
1929,2047655626
1930,2071483439
1931,2095311252
1932,2119139065
1933,2142966878
1934,2166794691
1935,2190622505
1936,2214450318
1937,2238278131
1938,2262105944
1939,2285933757
1940,2309761570
1941,2333589383
1942,2357417196
1943,2381245010
1944,2405072823
1945,2428900636
1946,2452728449
1947,2476556262
1948,2500384075
1949,2524211888
1950,2548039701
1951,2571867515
1952,2617940399
1953,2664029010
1954,2710677773
1955,2758314525
1956,2807246148
1957,2857662910
1958,2909651396
1959,2963216053
1960,3018343828
1961,3075073173
1962,3133554362
1963,3194075347
1964,3256988501
1965,3322495121
1966,3390685523
1967,3461343172
1968,3533966901
1969,3607865513
1970,3682487691
1971,3757734668
1972,3833594894
1973,3909722120
1974,3985733775
1975,4061399228
